"Family","ID","Sex","oTreatment","oActivity","Size","Censored","Lifespan","Treatment","Activity","Block","group"
"xBF","xBF8","F","A","Flight",4.263333333,0,10,"A","Flight","G","impoverished"
"xF","xF5","F","A","Waiting",4.166666667,1,177,"A","Waiting","B","impoverished"
"xI","xI12","M","B","Flight",5.44,1,171,"B","Flight","C","enhanced"
"xBK","xBK8","F","B","Waiting",4.306666667,1,170,"B","Waiting","G","enhanced"
"xD","xD10","F","A","Waiting",4.21,1,169,"A","Waiting","B","impoverished"
"xM","xM14","M","B","Waiting",5.43,1,160,"B","Waiting","C","enhanced"
"xE","xE5","M","B","Flight",5.733333333,1,159,"B","Flight","B","enhanced"
"xG","xG3","F","B","Flight",4.936666667,1,159,"B","Flight","B","enhanced"
"xT","xT10","F","A","Waiting",3.896666667,1,157,"A","Waiting","D","impoverished"
"xG","xG6","F","A","Flight",3.906666667,1,155,"A","Flight","B","impoverished"
"xF","xF10","F","B","Waiting",4.92,1,155,"B","Waiting","B","enhanced"
"xG","xG7","M","B","Flight",5.4,1,153,"B","Flight","C","enhanced"
"xE","xE11","M","A","Flight",4.223333333,1,153,"A","Flight","B","impoverished"
"xAD","xAD7","M","B","Flight",5.56,1,151,"B","Flight","E","enhanced"
"xM","xM10","F","B","Flight",5.57,1,149,"B","Flight","C","enhanced"
"xO","xO2","F","A","Flight",4.023333333,1,149,"A","Flight","C","impoverished"
"xF","xF4","F","A","Flight",4.096666667,1,149,"A","Flight","B","impoverished"
"xE","xE14","F","A","Flight",4.683333333,1,146,"A","Flight","B","impoverished"
"xAK","xAK12","F","B","Waiting",5.34,1,146,"B","Waiting","F","enhanced"
"xAF","xAF8","F","B","Flight",5.193333333,1,145,"B","Flight","E","enhanced"
"xQ","xQ3","M","B","Waiting",5.586666667,1,144,"B","Waiting","D","enhanced"
"xK","xK16","F","B","Waiting",5.29,1,143,"B","Waiting","C","enhanced"
"xAH","xAH14","M","B","Flight",5.296666667,1,142,"B","Flight","F","enhanced"
"xG","xG4","F","B","Flight",5.07,1,142,"B","Flight","B","enhanced"
"xAI","xAI5","F","A","Flight",4.05,1,141,"A","Flight","F","impoverished"
"xJ","xJ2","M","A","Flight",4.456666667,1,140,"A","Flight","C","impoverished"
"xM","xM13","M","B","Waiting",5.243333333,1,140,"B","Waiting","C","enhanced"
"xG","xG2","M","B","Flight",5.086666667,1,139,"B","Flight","B","enhanced"
"xBA","xBA4","M","A","Flight",4.296666667,1,138,"A","Flight","G","impoverished"
"xBK","xBK14","M","A","Flight",5.16,1,138,"A","Flight","G","impoverished"
"xAA","xAA6","F","B","Flight",5.34,1,138,"B","Flight","E","enhanced"
"xN","xN2","F","B","Flight",5.42,1,136,"B","Flight","C","enhanced"
"xN","xN14","M","A","Flight",4.596666667,1,136,"A","Flight","C","impoverished"
"xJ","xJ4","M","A","Flight",4.463333333,1,136,"A","Flight","C","impoverished"
"xK","xK2","M","A","Waiting",4.573333333,1,136,"A","Waiting","C","impoverished"
"xAK","xAK14","F","B","Flight",5.386666667,1,135,"B","Flight","F","enhanced"
"xAJ","xAJ10","F","B","Flight",5.386666667,1,135,"B","Flight","F","enhanced"
"xD","xD7","M","B","Flight",5.656666667,1,135,"B","Flight","B","enhanced"
"xD","xD2","F","B","Waiting",5.036666667,1,135,"B","Waiting","B","enhanced"
"xM","xM3","F","A","Flight",4.06,1,133,"A","Flight","C","impoverished"
"xN","xN17","F","A","Flight",3.953333333,1,133,"A","Flight","C","impoverished"
"xN","xN3","M","B","Flight",5.436666667,1,133,"B","Flight","C","enhanced"
"xI","xI13","M","B","Flight",5.486666667,1,133,"B","Flight","C","enhanced"
"xK","xK15","M","B","Waiting",5.496666667,1,133,"B","Waiting","C","enhanced"
"xK","xK12","F","B","Waiting",5.46,1,133,"B","Waiting","C","enhanced"
"xBI","xBI16","F","B","Flight",5.266666667,1,130,"B","Flight","G","enhanced"
"xM","xM11","M","B","Flight",5.226666667,1,129,"B","Flight","C","enhanced"
"xL","xL4","F","B","Flight",4.75,1,129,"B","Flight","C","enhanced"
"xI","xI8","F","B","Flight",5.143333333,1,129,"B","Flight","C","enhanced"
"xI","xI6","F","A","Flight",4.476666667,1,129,"A","Flight","C","impoverished"
"xK","xK1","M","A","Waiting",4.34,1,129,"A","Waiting","C","impoverished"
"xAX","xAX1","M","A","Flight",4.003333333,1,128,"A","Flight","G","impoverished"
"xD","xD5","M","B","Flight",5.5,1,128,"B","Flight","B","enhanced"
"xAD","xAD5","F","A","Waiting",4.816666667,1,127,"A","Waiting","E","impoverished"
"xQ","xQ10","F","A","Flight",4.883333333,1,126,"A","Flight","D","impoverished"
"xAI","xAI15","F","B","Waiting",5.183333333,1,126,"B","Waiting","F","enhanced"
"xP","xP13","F","A","Flight",3.77,1,125,"A","Flight","C","impoverished"
"xM","xM2","M","A","Flight",3.846666667,1,125,"A","Flight","C","impoverished"
"xH","xH4","M","A","Flight",4.123333333,1,125,"A","Flight","B","impoverished"
"xN","xN9","M","B","Waiting",5.45,1,125,"B","Waiting","C","enhanced"
"xK","xK17","M","B","Waiting",5.366666667,1,125,"B","Waiting","C","enhanced"
"xF","xF9","M","B","Waiting",4.826666667,1,125,"B","Waiting","B","enhanced"
"xAA","xAA1","F","A","Flight",4.426666667,1,124,"A","Flight","E","impoverished"
"xAG","xAG7","M","A","Waiting",4.366666667,1,124,"A","Waiting","F","impoverished"
"xBG","xBG10","M","B","Flight",5.78,1,123,"B","Flight","G","enhanced"
"xBE","xBE12","F","A","Flight",3.723333333,1,123,"A","Flight","G","impoverished"
"xAK","xAK15","M","B","Flight",5.356666667,1,122,"B","Flight","F","enhanced"
"xJ","xJ10","M","B","Flight",5.333333333,1,122,"B","Flight","C","enhanced"
"xL","xL1","M","B","Flight",5.02,1,122,"B","Flight","C","enhanced"
"xT","xT8","M","B","Flight",5.083333333,1,122,"B","Flight","D","enhanced"
"xK","xK3","F","A","Waiting",4.196666667,1,122,"A","Waiting","C","impoverished"
"xAJ","xAJ2","F","A","Waiting",4.29,1,121,"A","Waiting","F","impoverished"
"xBD","xBD6","F","B","Flight",4.963333333,1,120,"B","Flight","G","enhanced"
"xBK","xBK6","F","B","Waiting",3.993333333,1,120,"B","Waiting","G","enhanced"
"xAG","xAG9","F","B","Flight",5.74,1,119,"B","Flight","F","enhanced"
"xN","xN7","M","B","Flight",5.533333333,1,119,"B","Flight","C","enhanced"
"xM","xM5","F","A","Flight",4.09,1,119,"A","Flight","C","impoverished"
"xI","xI7","M","A","Flight",4.123333333,1,119,"A","Flight","C","impoverished"
"xQ","xQ12","M","A","Waiting",4.086666667,1,119,"A","Waiting","D","impoverished"
"xH","xH10","F","B","Flight",4.763333333,1,118,"B","Flight","B","enhanced"
"xAX","xAX4","M","A","Flight",4.003333333,1,117,"A","Flight","G","impoverished"
"xAG","xAG12","M","B","Flight",5.78,1,115,"B","Flight","F","enhanced"
"xD","xD11","M","A","Flight",4.55,1,114,"A","Flight","B","impoverished"
"xE","xE4","M","B","Flight",5.756666667,1,114,"B","Flight","B","enhanced"
"xE","xE7","M","B","Flight",5.516666667,1,114,"B","Flight","B","enhanced"
"xH","xH9","M","B","Flight",5.223333333,1,114,"B","Flight","B","enhanced"
"xJ","xJ7","F","B","Flight",5.52,1,112,"B","Flight","C","enhanced"
"xJ","xJ1","M","A","Flight",4.233333333,1,112,"A","Flight","C","impoverished"
"xO","xO9","M","B","Flight",5.016666667,1,112,"B","Flight","C","enhanced"
"xN","xN15","F","A","Waiting",4.213333333,1,112,"A","Waiting","C","impoverished"
"xE","xE8","M","A","Flight",4.246666667,1,111,"A","Flight","B","impoverished"
"xD","xD15","M","A","Waiting",4.55,1,111,"A","Waiting","B","impoverished"
"xBD","xBD2","F","A","Flight",4.036666667,1,110,"A","Flight","G","impoverished"
"xBK","xBK11","M","A","Flight",5.383333333,1,110,"A","Flight","G","impoverished"
"xBI","xBI8","M","A","Flight",4.386666667,1,110,"A","Flight","G","impoverished"
"xAG","xAG4","F","A","Flight",4.303333333,1,110,"A","Flight","F","impoverished"
"xAK","xAK2","F","A","Flight",4.03,1,110,"A","Flight","F","impoverished"
"xBH","xBH11","F","B","Flight",4.976666667,1,109,"B","Flight","G","enhanced"
"xAG","xAG15","F","B","Flight",5.476666667,1,108,"B","Flight","F","enhanced"
"xAH","xAH15","F","B","Flight",5.366666667,1,108,"B","Flight","F","enhanced"
"xP","xP14","M","A","Flight",3.99,1,108,"A","Flight","C","impoverished"
"xJ","xJ9","F","B","Flight",5.42,1,108,"B","Flight","C","enhanced"
"xI","xI4","F","A","Flight",4.466666667,1,108,"A","Flight","C","impoverished"
"xO","xO1","F","A","Flight",4.22,1,108,"A","Flight","C","impoverished"
"xJ","xJ5","M","A","Flight",4.056666667,1,108,"A","Flight","C","impoverished"
"xBF","xBF5","F","A","Flight",4.153333333,1,107,"A","Flight","G","impoverished"
"xBB","xBB3","M","A","Flight",3.983333333,1,107,"A","Flight","G","impoverished"
"xAX","xAX7","M","A","Waiting",4.376666667,1,107,"A","Waiting","G","impoverished"
"xAD","xAD2","F","A","Flight",3.906666667,1,106,"A","Flight","E","impoverished"
"xE","xE2","M","B","Flight",5.823333333,1,106,"B","Flight","B","enhanced"
"xF","xF3","F","A","Flight",4.043333333,1,106,"A","Flight","B","impoverished"
"xM","xM9","M","B","Flight",5.54,1,105,"B","Flight","C","enhanced"
"xM","xM12","M","B","Flight",5.4,1,105,"B","Flight","C","enhanced"
"xN","xN13","F","A","Flight",4.403333333,1,105,"A","Flight","C","impoverished"
"xM","xM4","M","A","Flight",3.93,1,105,"A","Flight","C","impoverished"
"xP","xP10","M","A","Flight",3.846666667,1,105,"A","Flight","C","impoverished"
"xL","xL3","M","B","Flight",5.27,1,105,"B","Flight","C","enhanced"
"xT","xT3","M","B","Flight",5.406666667,1,105,"B","Flight","D","enhanced"
"xJ","xJ11","F","B","Waiting",5.64,1,105,"B","Waiting","C","enhanced"
"xJ","xJ8","M","B","Waiting",5.606666667,1,105,"B","Waiting","C","enhanced"
"xK","xK13","M","B","Waiting",5.606666667,1,105,"B","Waiting","C","enhanced"
"xO","xO10","M","B","Waiting",5.563333333,1,105,"B","Waiting","C","enhanced"
"xK","xK18","F","B","Waiting",5.503333333,1,105,"B","Waiting","C","enhanced"
"xK","xK10","F","B","Waiting",5.363333333,1,105,"B","Waiting","C","enhanced"
"xK","xK11","M","B","Waiting",5.346666667,1,105,"B","Waiting","C","enhanced"
"xK","xK19","M","B","Flight",5.26,1,105,"B","Flight","C","enhanced"
"xM","xM7","M","B","Waiting",5.153333333,1,105,"B","Waiting","C","enhanced"
"xJ","xJ12","M","B","Waiting",5.116666667,1,105,"B","Waiting","C","enhanced"
"xN","xN16","M","A","Waiting",4.626666667,1,105,"A","Waiting","C","impoverished"
"xK","xK7","M","A","Waiting",4.28,1,105,"A","Waiting","C","impoverished"
"xBF","xBF2","M","A","Waiting",4.33,1,103,"A","Waiting","G","impoverished"
"xAH","xAH7","M","A","Waiting",3.956666667,1,103,"A","Waiting","F","impoverished"
"xT","xT11","M","A","Flight",3.8,1,102,"A","Flight","D","impoverished"
"xT","xT9","M","A","Flight",4.046666667,1,102,"A","Flight","D","impoverished"
"xT","xT4","F","B","Flight",5.043333333,1,102,"B","Flight","D","enhanced"
"xQ","xQ5","M","B","Waiting",4.993333333,1,102,"B","Waiting","D","enhanced"
"xAW","xAW2","F","B","Flight",5.546666667,1,100,"B","Flight","G","enhanced"
"xH","xH5","M","B","Flight",5.083333333,1,100,"B","Flight","B","enhanced"
"xAH","xAH8","F","A","Waiting",4.03,1,100,"A","Waiting","F","impoverished"
"xBG","xBG12","M","B","Flight",5.6,1,99,"B","Flight","G","enhanced"
"xAD","xAD12","F","B","Waiting",5.76,1,99,"B","Waiting","E","enhanced"
"xAD","xAD6","F","A","Waiting",4.963333333,1,99,"A","Waiting","E","impoverished"
"xAJ","xAJ13","M","B","Waiting",5.406666667,1,98,"B","Waiting","F","enhanced"
"xP","xP2","M","B","Flight",4.723333333,1,97,"B","Flight","C","enhanced"
"xN","xN8","F","B","Flight",5.483333333,1,97,"B","Flight","C","enhanced"
"xO","xO7","F","B","Waiting",5.126666667,1,97,"B","Waiting","C","enhanced"
"xZ","xZ6","F","A","Flight",4.306666667,1,96,"A","Flight","E","impoverished"
"xD","xD14","F","A","Flight",4.576666667,1,96,"A","Flight","B","impoverished"
"xF","xF6","F","B","Flight",4.39,1,96,"B","Flight","B","enhanced"
"xF","xF11","M","B","Waiting",5.153333333,1,96,"B","Waiting","B","enhanced"
"xBE","xBE11","M","A","Flight",4.263333333,1,95,"A","Flight","G","impoverished"
"xS","xS1","M","A","Flight",3.91,1,94,"A","Flight","D","impoverished"
"xI","xI5","M","A","Flight",4.59,1,94,"A","Flight","C","impoverished"
"xAF","xAF11","M","B","Waiting",5.346666667,1,94,"B","Waiting","E","enhanced"
"xE","xE13","F","A","Flight",4.44,1,93,"A","Flight","B","impoverished"
"xE","xE9","F","A","Flight",4.44,1,93,"A","Flight","B","impoverished"
"xG","xG5","F","A","Waiting",4.196666667,1,93,"A","Waiting","B","impoverished"
"xE","xE1","M","B","Flight",5.613333333,1,92,"B","Flight","B","enhanced"
"xT","xT7","M","B","Flight",5.023333333,1,91,"B","Flight","D","enhanced"
"xS","xS2","F","A","Waiting",4.226666667,1,91,"A","Waiting","D","impoverished"
"xBE","xBE14","M","A","Flight",4.133333333,1,90,"A","Flight","G","impoverished"
"xN","xN4","F","B","Flight",5.473333333,1,90,"B","Flight","C","enhanced"
"xN","xN1","M","B","Waiting",5.363333333,1,90,"B","Waiting","C","enhanced"
"xK","xK9","M","A","Waiting",4.416666667,1,90,"A","Waiting","C","impoverished"
"xK","xK4","M","A","Waiting",4.25,1,90,"A","Waiting","C","impoverished"
"xM","xM6","F","A","Waiting",3.9,1,90,"A","Waiting","C","impoverished"
"xBC","xBC6","F","A","Flight",4.116666667,1,89,"A","Flight","G","impoverished"
"xBG","xBG3","M","A","Flight",4.003333333,1,89,"A","Flight","G","impoverished"
"xAI","xAI3","F","A","Flight",4.073333333,1,89,"A","Flight","F","impoverished"
"xAK","xAK4","F","A","Flight",3.91,1,89,"A","Flight","F","impoverished"
"xD","xD12","F","A","Flight",4.23,1,89,"A","Flight","B","impoverished"
"xAF","xAF1","F","A","Flight",4.866666667,1,88,"A","Flight","E","impoverished"
"xP","xP7","F","B","Flight",4.196666667,1,87,"B","Flight","C","enhanced"
"xJ","xJ3","F","A","Flight",4.44,1,87,"A","Flight","C","impoverished"
"xL","xL8","F","A","Flight",4.096666667,1,87,"A","Flight","C","impoverished"
"xI","xI1","M","A","Flight",4.583333333,1,87,"A","Flight","C","impoverished"
"xM","xM8","F","B","Waiting",5.223333333,1,87,"B","Waiting","C","enhanced"
"xS","xS10","F","B","Waiting",5.186666667,1,87,"B","Waiting","D","enhanced"
"xS","xS9","M","B","Waiting",4.633333333,1,87,"B","Waiting","D","enhanced"
"xS","xS7","M","B","Waiting",4.203333333,1,87,"B","Waiting","D","enhanced"
"xP","xP1","F","B","Waiting",4.13,1,87,"B","Waiting","C","enhanced"
"xS","xS14","M","B","Waiting",4.123333333,1,87,"B","Waiting","D","enhanced"
"xP","xP12","M","A","Waiting",3.416666667,1,87,"A","Waiting","C","impoverished"
"xAX","xAX8","M","A","Flight",4.196666667,1,86,"A","Flight","G","impoverished"
"xAW","xAW1","M","B","Flight",5.256666667,1,86,"B","Flight","G","enhanced"
"xAH","xAH2","F","A","Flight",4.216666667,1,86,"A","Flight","F","impoverished"
"xAK","xAK3","M","A","Flight",3.703333333,1,86,"A","Flight","F","impoverished"
"xE","xE3","F","B","Flight",5.683333333,1,86,"B","Flight","B","enhanced"
"xH","xH3","M","A","Flight",4.18,1,86,"A","Flight","B","impoverished"
"xD","xD8","F","B","Flight",5.54,1,86,"B","Flight","B","enhanced"
"xE","xE10","F","A","Flight",4.7,1,86,"A","Flight","B","impoverished"
"xH","xH11","M","B","Flight",4.993333333,1,86,"B","Flight","B","enhanced"
"xAH","xAH9","F","A","Waiting",4.383333333,1,86,"A","Waiting","F","impoverished"
"xAG","xAG8","F","A","Waiting",4.243333333,1,86,"A","Waiting","F","impoverished"
"xBF","xBF6","M","A","Waiting",3.24,1,86,"A","Waiting","G","impoverished"
"xBK","xBK7","M","B","Flight",3.563333333,1,85,"B","Flight","G","enhanced"
"xAY","xAY1","M","A","Flight",4.273333333,1,85,"A","Flight","G","impoverished"
"xAD","xAD1","M","A","Flight",4.193333333,1,85,"A","Flight","E","impoverished"
"xZ","xZ5","M","A","Flight",4.393333333,1,85,"A","Flight","E","impoverished"
"xBJ","xBJ6","F","A","Waiting",4.183333333,1,85,"A","Waiting","G","impoverished"
"xAG","xAG11","F","B","Waiting",5.663333333,1,84,"B","Waiting","F","enhanced"
"xAJ","xAJ14","F","B","Waiting",5.623333333,1,84,"B","Waiting","F","enhanced"
"xAI","xAI13","M","B","Waiting",5.44,1,84,"B","Waiting","F","enhanced"
"xAI","xAI19","M","B","Waiting",5.303333333,1,84,"B","Waiting","F","enhanced"
"xAH","xAH12","M","B","Waiting",4.94,1,84,"B","Waiting","F","enhanced"
"xAK","xAK11","M","B","Waiting",4.59,1,84,"B","Waiting","F","enhanced"
"xBD","xBD1","M","A","Flight",4.1,1,83,"A","Flight","G","impoverished"
"xBA","xBA3","F","A","Flight",3.823333333,1,83,"A","Flight","G","impoverished"
"xM","xM1","F","A","Flight",3.873333333,1,83,"A","Flight","C","impoverished"
"xO","xO8","M","B","Flight",5.473333333,1,83,"B","Flight","C","enhanced"
"xAW","xAW12","M","A","Waiting",4.313333333,1,83,"A","Waiting","G","impoverished"
"xK","xK5","M","A","Waiting",4.3,1,83,"A","Waiting","C","impoverished"
"xAW","xAW10","M","A","Waiting",4.2,1,83,"A","Waiting","G","impoverished"
"xAW","xAW9","M","A","Waiting",4.05,1,83,"A","Waiting","G","impoverished"
"xBK","xBK3","M","B","Flight",3.596666667,1,82,"B","Flight","G","enhanced"
"xBB","xBB4","M","B","Flight",4.79,1,82,"B","Flight","G","enhanced"
"xAH","xAH5","F","A","Flight",4.083333333,1,82,"A","Flight","F","impoverished"
"xAH","xAH4","M","A","Flight",3.81,1,82,"A","Flight","F","impoverished"
"xAG","xAG1","M","A","Flight",4.166666667,1,82,"A","Flight","F","impoverished"
"xAJ","xAJ5","F","A","Flight",4.166666667,1,82,"A","Flight","F","impoverished"
"xH","xH2","F","A","Flight",4.253333333,1,82,"A","Flight","B","impoverished"
"xAX","xAX13","M","B","Waiting",5.053333333,1,82,"B","Waiting","G","enhanced"
"xBK","xBK5","M","B","Waiting",4.113333333,1,82,"B","Waiting","G","enhanced"
"xAA","xAA7","F","B","Flight",5.283333333,1,81,"B","Flight","E","enhanced"
"xAD","xAD3","F","A","Flight",4.063333333,1,81,"A","Flight","E","impoverished"
"xZ","xZ7","F","A","Flight",4.603333333,1,81,"A","Flight","E","impoverished"
"xAH","xAH10","M","B","Flight",5.363333333,1,80,"B","Flight","F","enhanced"
"xAJ","xAJ7","M","B","Flight",5.206666667,1,80,"B","Flight","F","enhanced"
"xO","xO4","M","B","Flight",5.24,1,80,"B","Flight","C","enhanced"
"xP","xP9","F","B","Flight",4.176666667,1,80,"B","Flight","C","enhanced"
"xI","xI3","M","A","Flight",4.413333333,1,80,"A","Flight","C","impoverished"
"xN","xN10","F","B","Waiting",5.456666667,1,80,"B","Waiting","C","enhanced"
"xN","xN6","F","B","Waiting",5.283333333,1,80,"B","Waiting","C","enhanced"
"xQ","xQ14","F","A","Waiting",3.7,1,80,"A","Waiting","D","impoverished"
"xBH","xBH4","M","A","Flight",3.813333333,1,79,"A","Flight","G","impoverished"
"xAI","xAI17","M","B","Flight",5.283333333,1,79,"B","Flight","F","enhanced"
"xAF","xAF7","M","B","Flight",5.66,1,79,"B","Flight","E","enhanced"
"xBF","xBF13","F","B","Flight",5.086666667,1,78,"B","Flight","G","enhanced"
"xBK","xBK4","F","B","Flight",3.85,1,78,"B","Flight","G","enhanced"
"xAG","xAG3","M","A","Flight",4.166666667,1,78,"A","Flight","F","impoverished"
"xAK","xAK8","F","A","Flight",4.146666667,1,78,"A","Flight","F","impoverished"
"xAJ","xAJ6","F","A","Flight",4.146666667,1,78,"A","Flight","F","impoverished"
"xAJ","xAJ4","M","A","Flight",3.733333333,1,78,"A","Flight","F","impoverished"
"xAH","xAH1","M","A","Flight",3.796666667,1,78,"A","Flight","F","impoverished"
"xAK","xAK1","M","A","Flight",3.72,1,78,"A","Flight","F","impoverished"
"xZ","xZ1","F","B","Flight",5.053333333,1,78,"B","Flight","E","enhanced"
"xBE","xBE13","M","A","Waiting",4.106666667,1,78,"A","Waiting","G","impoverished"
"xAK","xAK7","M","A","Waiting",4.003333333,1,78,"A","Waiting","F","impoverished"
"xAI","xAI6","M","A","Waiting",3.993333333,1,78,"A","Waiting","F","impoverished"
"xT","xT5","M","B","Flight",5.25,1,77,"B","Flight","D","enhanced"
"xT","xT2","F","B","Flight",5.296666667,1,77,"B","Flight","D","enhanced"
"xS","xS5","M","A","Waiting",3.726666667,1,77,"A","Waiting","D","impoverished"
"xAK","xAK13","M","B","Flight",5.243333333,1,76,"B","Flight","F","enhanced"
"xN","xN12","M","A","Flight",4.423333333,1,76,"A","Flight","C","impoverished"
"xP","xP3","F","B","Flight",4.006666667,1,76,"B","Flight","C","enhanced"
"xAX","xAX3","F","A","Flight",4.33,1,75,"A","Flight","G","impoverished"
"xBI","xBI6","F","A","Flight",4.56,1,75,"A","Flight","G","impoverished"
"xAI","xAI4","M","A","Flight",4.186666667,1,75,"A","Flight","F","impoverished"
"xF","xF1","M","A","Flight",4.093333333,1,75,"A","Flight","B","impoverished"
"xF","xF2","F","A","Flight",3.79,1,75,"A","Flight","B","impoverished"
"xH","xH6","F","B","Flight",5.043333333,1,75,"B","Flight","B","enhanced"
"xBI","xBI5","M","A","Waiting",4.496666667,1,75,"A","Waiting","G","impoverished"
"xBG","xBG4","F","A","Waiting",3.99,1,75,"A","Waiting","G","impoverished"
"xBG","xBG11","F","B","Flight",5.293333333,1,74,"B","Flight","G","enhanced"
"xBJ","xBJ4","M","A","Flight",4.726666667,1,74,"A","Flight","G","impoverished"
"xAF","xAF4","M","A","Flight",4.826666667,1,74,"A","Flight","E","impoverished"
"xBH","xBH14","M","B","Waiting",5.47,1,74,"B","Waiting","G","enhanced"
"xAZ","xAZ3","F","B","Waiting",5.363333333,1,74,"B","Waiting","G","enhanced"
"xAG","xAG10","M","B","Waiting",5.743333333,1,73,"B","Waiting","F","enhanced"
"xS","xS12","F","B","Waiting",4.69,1,73,"B","Waiting","D","enhanced"
"xQ","xQ1","M","B","Waiting",4.31,1,73,"B","Waiting","D","enhanced"
"xS","xS4","F","A","Waiting",4.186666667,1,73,"A","Waiting","D","impoverished"
"xBH","xBH3","F","A","Flight",3.8,1,72,"A","Flight","G","impoverished"
"xBH","xBH1","M","A","Flight",3.84,1,72,"A","Flight","G","impoverished"
"xBI","xBI1","M","A","Flight",3.686666667,1,72,"A","Flight","G","impoverished"
"xAW","xAW7","M","A","Flight",4.503333333,1,72,"A","Flight","G","impoverished"
"xBK","xBK10","F","A","Flight",5.116666667,1,72,"A","Flight","G","impoverished"
"xBK","xBK9","F","A","Flight",4.85,1,72,"A","Flight","G","impoverished"
"xL","xL9","F","A","Flight",4.16,1,72,"A","Flight","C","impoverished"
"xF","xF8","F","B","Waiting",4.943333333,1,72,"B","Waiting","B","enhanced"
"xBG","xBG1","M","A","Waiting",4.17,1,72,"A","Waiting","G","impoverished"
"xBD","xBD3","M","A","Waiting",4.156666667,1,72,"A","Waiting","G","impoverished"
"xBC","xBC5","M","A","Waiting",3.916666667,1,72,"A","Waiting","G","impoverished"
"xBJ","xBJ5","F","A","Flight",4.693333333,1,71,"A","Flight","G","impoverished"
"xBI","xBI12","F","B","Flight",5.203333333,1,71,"B","Flight","G","enhanced"
"xAZ","xAZ7","M","A","Flight",4.366666667,1,71,"A","Flight","G","impoverished"
"xBK","xBK2","F","B","Flight",4.12,1,71,"B","Flight","G","enhanced"
"xBA","xBA1","M","A","Flight",3.77,1,71,"A","Flight","G","impoverished"
"xAI","xAI2","M","A","Flight",4.133333333,1,71,"A","Flight","F","impoverished"
"xZ","xZ2","F","B","Flight",5.096666667,1,71,"B","Flight","E","enhanced"
"xBB","xBB6","M","B","Waiting",5.516666667,1,71,"B","Waiting","G","enhanced"
"xAA","xAA10","F","B","Waiting",5.26,1,71,"B","Waiting","E","enhanced"
"xBJ","xBJ3","F","A","Waiting",4.306666667,1,71,"A","Waiting","G","impoverished"
"xAG","xAG6","F","A","Waiting",4.3,1,71,"A","Waiting","F","impoverished"
"xAI","xAI7","F","A","Flight",4.006666667,1,71,"A","Flight","F","impoverished"
"xBE","xBE1","M","B","Waiting",3.726666667,1,71,"B","Waiting","G","enhanced"
"xBH","xBH7","M","A","Flight",4.03,1,70,"A","Flight","G","impoverished"
"xBJ","xBJ13","M","B","Flight",4.986666667,1,70,"B","Flight","G","enhanced"
"xBF","xBF1","F","A","Flight",4.163333333,1,70,"A","Flight","G","impoverished"
"xL","xL6","F","B","Flight",4.933333333,1,69,"B","Flight","C","enhanced"
"xAI","xAI12","F","B","Waiting",5.153333333,1,69,"B","Waiting","F","enhanced"
"xQ","xQ7","M","B","Waiting",4.563333333,1,69,"B","Waiting","D","enhanced"
"xP","xP8","F","B","Waiting",4.263333333,1,69,"B","Waiting","C","enhanced"
"xS","xS3","M","A","Waiting",4.116666667,1,69,"A","Waiting","D","impoverished"
"xQ","xQ15","M","A","Waiting",4.093333333,1,69,"A","Waiting","D","impoverished"
"xQ","xQ16","F","A","Waiting",3.563333333,1,69,"A","Waiting","D","impoverished"
"xAX","xAX9","M","A","Flight",4.193333333,1,68,"A","Flight","G","impoverished"
"xD","xD4","F","B","Flight",5.253333333,1,68,"B","Flight","B","enhanced"
"xAI","xAI8","M","A","Waiting",4.27,1,68,"A","Waiting","F","impoverished"
"xBF","xBF7","F","A","Waiting",4.106666667,1,68,"A","Waiting","G","impoverished"
"xBC","xBC2","F","A","Waiting",4.026666667,1,68,"A","Waiting","G","impoverished"
"xBA","xBA5","F","A","Waiting",3.85,1,68,"A","Waiting","G","impoverished"
"xAK","xAK5","M","A","Waiting",3.82,1,68,"A","Waiting","F","impoverished"
"xBE","xBE8","F","B","Flight",5.066666667,1,67,"B","Flight","G","enhanced"
"xAJ","xAJ3","F","A","Flight",3.793333333,1,67,"A","Flight","F","impoverished"
"xAH","xAH3","F","A","Flight",4.013333333,1,67,"A","Flight","F","impoverished"
"xAF","xAF2","M","A","Flight",4.013333333,1,67,"A","Flight","E","impoverished"
"xAD","xAD10","F","B","Flight",5.416666667,1,67,"B","Flight","E","enhanced"
"xI","xI10","F","B","Flight",5.503333333,1,67,"B","Flight","C","enhanced"
"xO","xO6","M","B","Flight",4.75,1,67,"B","Flight","C","enhanced"
"xBG","xBG13","M","B","Waiting",5.463333333,1,67,"B","Waiting","G","enhanced"
"xBB","xBB10","M","B","Waiting",5.153333333,1,67,"B","Waiting","G","enhanced"
"xAA","xAA3","M","A","Flight",3.94,1,66,"A","Flight","E","impoverished"
"xO","xO3","F","A","Flight",4.2,1,66,"A","Flight","C","impoverished"
"xP","xP6","F","B","Flight",4.333333333,1,66,"B","Flight","C","enhanced"
"xAK","xAK9","M","B","Waiting",5.603333333,1,66,"B","Waiting","F","enhanced"
"xAH","xAH13","F","B","Waiting",5.143333333,1,66,"B","Waiting","F","enhanced"
"xS","xS11","M","B","Waiting",4.973333333,1,66,"B","Waiting","D","enhanced"
"xS","xS6","M","A","Waiting",3.623333333,1,66,"A","Waiting","D","impoverished"
"xBG","xBG2","F","A","Flight",4.433333333,1,65,"A","Flight","G","impoverished"
"xBG","xBG8","F","A","Flight",4.306666667,1,65,"A","Flight","G","impoverished"
"xBF","xBF9","F","A","Flight",4.226666667,1,65,"A","Flight","G","impoverished"
"xBA","xBA2","F","A","Flight",3.663333333,1,65,"A","Flight","G","impoverished"
"xBI","xBI4","F","A","Flight",4.41,1,65,"A","Flight","G","impoverished"
"xAW","xAW11","M","A","Flight",4.273333333,1,65,"A","Flight","G","impoverished"
"xAG","xAG13","F","B","Flight",5.556666667,1,65,"B","Flight","F","enhanced"
"xAH","xAH17","F","B","Flight",5.186666667,1,65,"B","Flight","F","enhanced"
"xAJ","xAJ9","M","B","Flight",5.776666667,1,65,"B","Flight","F","enhanced"
"xL","xL7","M","A","Flight",4.143333333,0,65,"A","Flight","C","impoverished"
"xN","xN5","M","B","Flight",5.476666667,1,65,"B","Flight","C","enhanced"
"xG","xG1","M","B","Flight",5.43,1,65,"B","Flight","B","enhanced"
"xD","xD13","M","A","Flight",4.466666667,1,65,"A","Flight","B","impoverished"
"xH","xH7","M","B","Flight",5.173333333,1,65,"B","Flight","B","enhanced"
"xD","xD1","M","B","Waiting",5.333333333,1,65,"B","Waiting","B","enhanced"
"xBK","xBK13","F","A","Waiting",5.176666667,1,65,"A","Waiting","G","impoverished"
"xBF","xBF4","M","A","Waiting",4.37,1,65,"A","Waiting","G","impoverished"
"xBG","xBG5","M","A","Waiting",4.286666667,1,65,"A","Waiting","G","impoverished"
"xBH","xBH6","F","A","Waiting",4.243333333,1,65,"A","Waiting","G","impoverished"
"xBI","xBI2","F","A","Waiting",4.23,1,65,"A","Waiting","G","impoverished"
"xBH","xBH5","M","A","Waiting",4.213333333,1,65,"A","Waiting","G","impoverished"
"xAX","xAX6","F","A","Waiting",4.146666667,1,65,"A","Waiting","G","impoverished"
"xBH","xBH8","M","A","Waiting",4.106666667,1,65,"A","Waiting","G","impoverished"
"xD","xD9","M","A","Waiting",3.876666667,1,65,"A","Waiting","B","impoverished"
"xBI","xBI9","M","B","Flight",5.396666667,1,64,"B","Flight","G","enhanced"
"xBG","xBG9","M","B","Flight",5.65,1,64,"B","Flight","G","enhanced"
"xBD","xBD8","M","B","Flight",5.076666667,1,64,"B","Flight","G","enhanced"
"xBE","xBE10","F","A","Flight",4.95,1,64,"A","Flight","G","impoverished"
"xBJ","xBJ11","M","B","Flight",5.193333333,1,64,"B","Flight","G","enhanced"
"xBJ","xBJ2","F","A","Flight",4.26,1,64,"A","Flight","G","impoverished"
"xAG","xAG5","M","A","Flight",4.16,1,64,"A","Flight","F","impoverished"
"xE","xE6","F","B","Flight",5.666666667,1,64,"B","Flight","B","enhanced"
"xAX","xAX19","M","B","Waiting",5.526666667,1,64,"B","Waiting","G","enhanced"
"xBC","xBC10","F","B","Waiting",5.463333333,1,64,"B","Waiting","G","enhanced"
"xBI","xBI18","F","B","Waiting",5.183333333,1,64,"B","Waiting","G","enhanced"
"xBD","xBD9","F","B","Waiting",4.95,1,64,"B","Waiting","G","enhanced"
"xAY","xAY2","M","A","Waiting",4.203333333,1,64,"A","Waiting","G","impoverished"
"xAI","xAI1","F","A","Flight",4.243333333,1,63,"A","Flight","F","impoverished"
"xAA","xAA8","F","B","Flight",5.406666667,1,63,"B","Flight","E","enhanced"
"xP","xP5","F","B","Flight",5.096666667,1,63,"B","Flight","C","enhanced"
"xAF","xAF5","F","A","Waiting",4.72,1,63,"A","Waiting","E","impoverished"
"xBE","xBE6","F","B","Flight",5.403333333,1,62,"B","Flight","G","enhanced"
"xAK","xAK16","F","B","Flight",5.436666667,1,62,"B","Flight","F","enhanced"
"xAI","xAI16","M","B","Flight",5.35,1,62,"B","Flight","F","enhanced"
"xAH","xAH16","M","B","Flight",4.463333333,1,62,"B","Flight","F","enhanced"
"xL","xL2","F","B","Flight",5.05,1,62,"B","Flight","C","enhanced"
"xF","xF7","F","B","Flight",5.06,1,62,"B","Flight","B","enhanced"
"xH","xH12","F","B","Flight",4.613333333,1,62,"B","Flight","B","enhanced"
"xAJ","xAJ12","F","B","Waiting",5.29,1,62,"B","Waiting","F","enhanced"
"xAH","xAH11","F","B","Waiting",5.23,1,62,"B","Waiting","F","enhanced"
"xBC","xBC3","M","A","Flight",3.87,1,61,"A","Flight","G","impoverished"
"xBH","xBH2","M","A","Flight",3.916666667,1,61,"A","Flight","G","impoverished"
"xBG","xBG6","F","A","Waiting",4.17,1,61,"A","Waiting","G","impoverished"
"xAJ","xAJ1","M","A","Waiting",4.116666667,1,61,"A","Waiting","F","impoverished"
"xBE","xBE7","M","B","Flight",5.266666667,1,60,"B","Flight","G","enhanced"
"xBF","xBF12","F","B","Flight",5.246666667,1,60,"B","Flight","G","enhanced"
"xBE","xBE3","F","B","Flight",4.84,1,60,"B","Flight","G","enhanced"
"xAD","xAD4","F","A","Flight",4.8,1,60,"A","Flight","E","impoverished"
"xAD","xAD11","F","B","Waiting",5.423333333,1,60,"B","Waiting","E","enhanced"
"xBD","xBD10","F","B","Waiting",5.053333333,1,60,"B","Waiting","G","enhanced"
"xBI","xBI7","M","A","Flight",4.306666667,1,59,"A","Flight","G","impoverished"
"xBC","xBC1","M","A","Flight",3.763333333,1,59,"A","Flight","G","impoverished"
"xAW","xAW4","M","B","Flight",5.343333333,1,59,"B","Flight","G","enhanced"
"xAW","xAW13","F","A","Flight",4.13,1,59,"A","Flight","G","impoverished"
"xAG","xAG14","M","B","Flight",5.803333333,1,59,"B","Flight","F","enhanced"
"xAI","xAI11","M","B","Flight",5.263333333,1,59,"B","Flight","F","enhanced"
"xAI","xAI18","M","B","Flight",5.23,1,59,"B","Flight","F","enhanced"
"xK","xK14","F","B","Flight",5.33,1,59,"B","Flight","C","enhanced"
"xBK","xBK12","F","A","Waiting",5.533333333,1,59,"A","Waiting","G","impoverished"
"xAW","xAW6","M","B","Waiting",5.303333333,1,59,"B","Waiting","G","enhanced"
"xT","xT1","M","B","Waiting",5.176666667,1,59,"B","Waiting","D","enhanced"
"xAI","xAI14","M","B","Waiting",5.143333333,1,59,"B","Waiting","F","enhanced"
"xQ","xQ2","F","B","Waiting",4.95,1,59,"B","Waiting","D","enhanced"
"xBA","xBA6","F","A","Waiting",3.886666667,1,59,"A","Waiting","G","impoverished"
"xBI","xBI15","M","B","Flight",5.653333333,1,58,"B","Flight","G","enhanced"
"xBI","xBI13","M","B","Flight",5.226666667,1,58,"B","Flight","G","enhanced"
"xBB","xBB8","M","B","Flight",5.506666667,1,58,"B","Flight","G","enhanced"
"xBA","xBA7","F","B","Flight",4.866666667,1,58,"B","Flight","G","enhanced"
"xBH","xBH10","M","B","Flight",5.006666667,1,58,"B","Flight","G","enhanced"
"xAZ","xAZ5","F","B","Flight",NA,1,58,"B","Flight","G","enhanced"
"xBC","xBC8","F","B","Flight",5.353333333,1,58,"B","Flight","G","enhanced"
"xBJ","xBJ12","F","B","Flight",3.916666667,1,58,"B","Flight","G","enhanced"
"xBB","xBB11","F","B","Waiting",5.573333333,1,58,"B","Waiting","G","enhanced"
"xBE","xBE2","F","B","Waiting",5.406666667,1,58,"B","Waiting","G","enhanced"
"xBI","xBI10","F","B","Waiting",5.246666667,1,58,"B","Waiting","G","enhanced"
"xBE","xBE5","F","B","Waiting",5.086666667,1,58,"B","Waiting","G","enhanced"
"xBJ","xBJ8","F","B","Waiting",4.823333333,1,58,"B","Waiting","G","enhanced"
"xAG","xAG2","F","A","Flight",4.24,1,57,"A","Flight","F","impoverished"
"xZ","xZ3","F","B","Flight",5.19,1,57,"B","Flight","E","enhanced"
"xAH","xAH6","F","A","Waiting",4.38,1,57,"A","Waiting","F","impoverished"
"xAK","xAK6","F","A","Waiting",4.02,1,57,"A","Waiting","F","impoverished"
"xN","xN11","F","A","Flight",4.223333333,1,56,"A","Flight","C","impoverished"
"xQ","xQ11","M","A","Waiting",4.506666667,1,56,"A","Waiting","D","impoverished"
"xT","xT14","M","A","Waiting",3.853333333,1,56,"A","Waiting","D","impoverished"
"xBG","xBG7","M","A","Flight",4.16,1,55,"A","Flight","G","impoverished"
"xAW","xAW8","M","A","Flight",4.163333333,1,55,"A","Flight","G","impoverished"
"xAW","xAW5","F","B","Flight",5.316666667,1,55,"B","Flight","G","enhanced"
"xAK","xAK17","M","B","Flight",5.446666667,1,55,"B","Flight","F","enhanced"
"xAF","xAF9","M","B","Flight",5.356666667,1,55,"B","Flight","E","enhanced"
"xAF","xAF6","F","B","Flight",5.06,1,55,"B","Flight","E","enhanced"
"xH","xH8","F","B","Flight",5.226666667,1,55,"B","Flight","B","enhanced"
"xBI","xBI11","M","B","Flight",4.923333333,1,54,"B","Flight","G","enhanced"
"xBH","xBH15","F","B","Flight",5.09,1,54,"B","Flight","G","enhanced"
"xAX","xAX17","M","B","Flight",5.34,1,54,"B","Flight","G","enhanced"
"xBJ","xBJ10","F","B","Flight",5.263333333,1,54,"B","Flight","G","enhanced"
"xAY","xAY6","F","B","Flight",5.063333333,1,54,"B","Flight","G","enhanced"
"xBB","xBB9","F","B","Flight",5.353333333,1,54,"B","Flight","G","enhanced"
"xBB","xBB7","F","B","Flight",5.24,1,54,"B","Flight","G","enhanced"
"xBJ","xBJ1","M","A","Flight",4.66,1,54,"A","Flight","G","impoverished"
"xBG","xBG16","M","B","Waiting",5.373333333,1,54,"B","Waiting","G","enhanced"
"xBI","xBI17","M","B","Waiting",5.326666667,1,54,"B","Waiting","G","enhanced"
"xBH","xBH12","M","B","Waiting",5.176666667,1,54,"B","Waiting","G","enhanced"
"xBI","xBI14","F","B","Waiting",5.11,1,54,"B","Waiting","G","enhanced"
"xAZ","xAZ6","F","B","Waiting",4.896666667,1,54,"B","Waiting","G","enhanced"
"xAY","xAY5","F","B","Waiting",4.736666667,1,54,"B","Waiting","G","enhanced"
"xAF","xAF3","F","A","Flight",4.77,1,53,"A","Flight","E","impoverished"
"xQ","xQ4","F","B","Waiting",5.173333333,1,53,"B","Waiting","D","enhanced"
"xAA","xAA9","F","B","Waiting",5.12,1,53,"B","Waiting","E","enhanced"
"xQ","xQ6","F","B","Waiting",5.08,1,53,"B","Waiting","D","enhanced"
"xQ","xQ8","F","B","Waiting",4.846666667,1,53,"B","Waiting","D","enhanced"
"xAA","xAA5","M","A","Waiting",4.313333333,1,53,"A","Waiting","E","impoverished"
"xP","xP4","M","B","Flight",5.226666667,1,52,"B","Flight","C","enhanced"
"xBG","xBG14","F","B","Flight",5.713333333,1,51,"B","Flight","G","enhanced"
"xBD","xBD7","F","B","Flight",5.17,1,51,"B","Flight","G","enhanced"
"xAZ","xAZ4","F","B","Flight",5.243333333,1,51,"B","Flight","G","enhanced"
"xBF","xBF14","F","B","Flight",5.123333333,1,51,"B","Flight","G","enhanced"
"xBJ","xBJ7","M","B","Flight",4.686666667,1,51,"B","Flight","G","enhanced"
"xBF","xBF11","M","B","Flight",5.003333333,1,51,"B","Flight","G","enhanced"
"xAI","xAI10","M","B","Flight",4.74,1,51,"B","Flight","F","enhanced"
"xAX","xAX18","M","B","Waiting",5.543333333,1,51,"B","Waiting","G","enhanced"
"xAZ","xAZ1","F","B","Waiting",5.336666667,1,51,"B","Waiting","G","enhanced"
"xAF","xAF10","F","B","Waiting",5.32,1,51,"B","Waiting","E","enhanced"
"xBB","xBB5","F","B","Waiting",5.243333333,1,51,"B","Waiting","G","enhanced"
"xAK","xAK10","F","B","Waiting",5.173333333,1,51,"B","Waiting","F","enhanced"
"xBE","xBE9","M","A","Waiting",4.163333333,1,51,"A","Waiting","G","impoverished"
"xAD","xAD9","F","B","Flight",5.526666667,1,50,"B","Flight","E","enhanced"
"xAA","xAA2","M","A","Flight",4.476666667,1,50,"A","Flight","E","impoverished"
"xT","xT12","M","A","Flight",3.59,1,49,"A","Flight","D","impoverished"
"xT","xT6","F","B","Flight",4.94,1,49,"B","Flight","D","enhanced"
"xO","xO5","F","B","Flight",5.043333333,1,49,"B","Flight","C","enhanced"
"xS","xS13","M","B","Waiting",4.85,1,49,"B","Waiting","D","enhanced"
"xBC","xBC4","F","A","Flight",3.803333333,1,48,"A","Flight","G","impoverished"
"xJ","xJ14","M","B","Flight",5.366666667,0,48,"B","Flight","C","enhanced"
"xD","xD3","M","B","Flight",5.306666667,1,48,"B","Flight","B","enhanced"
"xI","xI14","M","B","Flight",5.59,0,48,"B","Flight","C","enhanced"
"xAW","xAW3","M","B","Waiting",5.2,1,48,"B","Waiting","G","enhanced"
"xAF","xAF12","F","B","Waiting",5.13,1,48,"B","Waiting","E","enhanced"
"xAX","xAX5","M","A","Waiting",4.21,1,48,"A","Waiting","G","impoverished"
"xBC","xBC12","F","B","Flight",5.52,1,47,"B","Flight","G","enhanced"
"xBH","xBH16","M","B","Flight",5.09,1,47,"B","Flight","G","enhanced"
"xAY","xAY4","F","B","Flight",4.913333333,1,47,"B","Flight","G","enhanced"
"xZ","xZ4","F","B","Flight",5.35,1,47,"B","Flight","E","enhanced"
"xBG","xBG15","M","B","Waiting",5.71,1,47,"B","Waiting","G","enhanced"
"xBH","xBH9","M","B","Waiting",5.21,1,47,"B","Waiting","G","enhanced"
"xBD","xBD5","M","B","Waiting",5.06,1,47,"B","Waiting","G","enhanced"
"xQ","xQ9","M","B","Flight",5.103333333,1,46,"B","Flight","D","enhanced"
"xQ","xQ13","F","A","Waiting",4.04,1,46,"A","Waiting","D","impoverished"
"xQ","xQ17","F","A","Waiting",3.576666667,1,46,"A","Waiting","D","impoverished"
"xBF","xBF3","F","A","Flight",4.073333333,1,45,"A","Flight","G","impoverished"
"xAX","xAX16","M","B","Flight",5.473333333,1,44,"B","Flight","G","enhanced"
"xBC","xBC9","M","B","Flight",5.36,1,44,"B","Flight","G","enhanced"
"xAX","xAX10","M","B","Flight",5.3,1,44,"B","Flight","G","enhanced"
"xAX","xAX15","M","B","Waiting",5.383333333,1,44,"B","Waiting","G","enhanced"
"xBJ","xBJ9","M","B","Waiting",5.06,1,44,"B","Waiting","G","enhanced"
"xBF","xBF15","F","B","Waiting",5.026666667,1,44,"B","Waiting","G","enhanced"
"xBH","xBH13","F","B","Waiting",4.806666667,1,44,"B","Waiting","G","enhanced"
"xBC","xBC7","M","B","Waiting",4.596666667,1,44,"B","Waiting","G","enhanced"
"xAD","xAD8","F","B","Flight",5.593333333,1,43,"B","Flight","E","enhanced"
"xAA","xAA4","M","A","Waiting",4.503333333,1,43,"A","Waiting","E","impoverished"
"xAI","xAI9","F","A","Waiting",4.286666667,1,43,"A","Waiting","F","impoverished"
"xAX","xAX14","M","B","Flight",5.46,1,40,"B","Flight","G","enhanced"
"xBE","xBE4","M","B","Flight",4.936666667,1,40,"B","Flight","G","enhanced"
"xAX","xAX12","M","B","Waiting",5.51,1,40,"B","Waiting","G","enhanced"
"xS","xS8","F","B","Waiting",4.716666667,1,39,"B","Waiting","D","enhanced"
"xD","xD6","F","B","Flight",5.356666667,0,36,"B","Flight","B","enhanced"
"xAX","xAX11","M","B","Waiting",5.13,1,36,"B","Waiting","G","enhanced"
"xBD","xBD4","M","A","Flight",4.11,1,31,"A","Flight","G","impoverished"
"xI","xI11","M","B","Flight",4.94,0,31,"B","Flight","C","enhanced"
"xP","xP11","F","A","Flight",3.543333333,0,28,"A","Flight","C","impoverished"
"xAZ","xAZ2","F","B","Flight",5.333333333,1,26,"B","Flight","G","enhanced"
"xBB","xBB1","M","A","Waiting",4.316666667,1,24,"A","Waiting","G","impoverished"
"xJ","xJ6","M","B","Flight",5.423333333,0,21,"B","Flight","C","enhanced"
"xT","xT13","M","A","Flight",4.776666667,0,20,"A","Flight","D","impoverished"
"xAJ","xAJ11","M","B","Flight",5.556666667,0,17,"B","Flight","F","enhanced"
"xI","xI9","M","B","Flight",5.57,0,17,"B","Flight","C","enhanced"
"xE","xE12","F","A","Waiting",NA,0,16,"A","Waiting","B","impoverished"
"xJ","xJ13","M","B","Flight",NA,0,13,"B","Flight","C","enhanced"
"xK","xK8","M","A","Waiting",NA,0,13,"A","Waiting","C","impoverished"
"xBB","xBB2","F","A","Flight",NA,0,13,"A","Flight","G","impoverished"
"xH","xH1","M","A","Waiting",4.103333333,1,13,"A","Waiting","B","impoverished"
"xBI","xBI3","M","A","Waiting",4.133333333,1,12,"A","Waiting","G","impoverished"
"xAX","xAX2","M","A","Waiting",3.796666667,1,12,"A","Waiting","G","impoverished"
"xBC","xBC11","M","B","Flight",4.19,1,11,"B","Flight","G","enhanced"
"xBK","xBK1","","B","Flight",3.803333333,1,11,"B","Flight","G","enhanced"
"xL","xL5","M","B","Waiting",NA,0,10,"B","Waiting","C","enhanced"
"xK","xK6","F","A","Waiting",4.263333333,1,10,"A","Waiting","C","impoverished"
